[{"id":"6285737134572@s.whatsapp.net","money":13300},{"id":"15854311499@s.whatsapp.net","money":0},{"id":"6285800607547@s.whatsapp.net","money":0},{"id":"6282296374835@s.whatsapp.net","money":0},{"id":"6285858155832@s.whatsapp.net","money":0},{"id":"62895323924830@s.whatsapp.net","money":0},{"id":"6285710133103@s.whatsapp.net","money":0},{"id":"62895379489966@s.whatsapp.net","money":0},{"id":"62895704151428@s.whatsapp.net","money":0},{"id":"62882003796590@s.whatsapp.net","money":0},{"id":"6288210930289@s.whatsapp.net","money":0},{"id":"62895379169488@s.whatsapp.net","money":0},{"id":"6282210504135@s.whatsapp.net","money":0},{"id":"6285171226069@s.whatsapp.net","money":0},{"id":"6281973414699@s.whatsapp.net","money":0},{"id":"6283142321131@s.whatsapp.net","money":0},{"id":"6281297084552@s.whatsapp.net","money":0},{"id":"6288802095239@s.whatsapp.net","money":0},{"id":"6288215689772@s.whatsapp.net","money":0},{"id":"6281578301106@s.whatsapp.net","money":0},{"id":"6289522724388@s.whatsapp.net","money":0},{"id":"6287873670287@s.whatsapp.net","money":0},{"id":"6283890701903@s.whatsapp.net","money":0},{"id":"6285883644444@s.whatsapp.net","money":0},{"id":"14158909965@s.whatsapp.net","money":0},{"id":"6282170084220@s.whatsapp.net","money":0},{"id":"559991255674@s.whatsapp.net","money":0},{"id":"558881575264@s.whatsapp.net","money":0},{"id":"62895385157376@s.whatsapp.net","money":0},{"id":"556791648695@s.whatsapp.net","money":0},{"id":"62881025400447@s.whatsapp.net","money":0},{"id":"62881027694993@s.whatsapp.net","money":112866},{"id":"6288989325412@s.whatsapp.net","money":0}]