[
  {
    "value": "0/al-jazeera-english",
    "channel": "al jazeera english",
    "isPay": true
  },
  {
    "value": "1/al-quran-al-kareem",
    "channel": "al quran al kareem",
    "isPay": true
  },
  {
    "value": "2/animal-planet",
    "channel": "animal planet",
    "isPay": true
  },
  {
    "value": "3/animax",
    "channel": "animax",
    "isPay": true
  },
  {
    "value": "4/arirang",
    "channel": "arirang",
    "isPay": true
  },
  {
    "value": "5/asian-food-network",
    "channel": "asian food network",
    "isPay": true
  },
  {
    "value": "6/asian-food-network-hd",
    "channel": "asian food network hd",
    "isPay": true
  },
  {
    "value": "7/axn",
    "channel": "axn",
    "isPay": true
  },
  {
    "value": "8/axn-hd",
    "channel": "axn hd",
    "isPay": true
  },
  {
    "value": "9/babytv",
    "channel": "babytv",
    "isPay": true
  },
  {
    "value": "10/bbc-earth",
    "channel": "bbc earth",
    "isPay": true
  },
  {
    "value": "11/bbc-earth-hd",
    "channel": "bbc earth hd",
    "isPay": true
  },
  {
    "value": "12/bbc-world-news",
    "channel": "bbc world news",
    "isPay": true
  },
  {
    "value": "13/bein-sports-1",
    "channel": "bein sports 1",
    "isPay": true
  },
  {
    "value": "14/bein-sports-1-hd",
    "channel": "bein sports 1 hd",
    "isPay": true
  },
  {
    "value": "15/bein-sports-3",
    "channel": "bein sports 3",
    "isPay": true
  },
  {
    "value": "16/bein-sports-3-hd",
    "channel": "bein sports 3 hd",
    "isPay": true
  },
  {
    "value": "17/berita-satu",
    "channel": "berita satu",
    "isPay": true
  },
  {
    "value": "18/besmart",
    "channel": "besmart",
    "isPay": true
  },
  {
    "value": "19/bloomberg",
    "channel": "bloomberg",
    "isPay": true
  },
  {
    "value": "20/boomerang",
    "channel": "boomerang",
    "isPay": true
  },
  {
    "value": "21/cartoon-network",
    "channel": "cartoon network",
    "isPay": true
  },
  {
    "value": "22/cartoon-network-hd",
    "channel": "cartoon network hd",
    "isPay": true
  },
  {
    "value": "23/cbeebies",
    "channel": "cbeebies",
    "isPay": true
  },
  {
    "value": "24/ccm",
    "channel": "ccm",
    "isPay": true
  },
  {
    "value": "25/celestial-movies",
    "channel": "celestial movies",
    "isPay": true
  },
  {
    "value": "26/cgtn",
    "channel": "cgtn",
    "isPay": true
  },
  {
    "value": "27/cgtn-documentary",
    "channel": "cgtn documentary",
    "isPay": true
  },
  {
    "value": "28/channel-news-asia",
    "channel": "channel news asia",
    "isPay": true
  },
  {
    "value": "29/cinemax",
    "channel": "cinemax",
    "isPay": true
  },
  {
    "value": "30/cinemax-hd",
    "channel": "cinemax hd",
    "isPay": true
  },
  {
    "value": "31/cnbc",
    "channel": "cnbc",
    "isPay": true
  },
  {
    "value": "32/cnn-international",
    "channel": "cnn international",
    "isPay": true
  },
  {
    "value": "33/crime-investigation",
    "channel": "crime investigation",
    "isPay": true
  },
  {
    "value": "34/discovery-channel",
    "channel": "discovery channel",
    "isPay": true
  },
  {
    "value": "35/discovery-channel-hd",
    "channel": "discovery channel hd",
    "isPay": true
  },
  {
    "value": "36/dw-english",
    "channel": "dw english",
    "isPay": true
  },
  {
    "value": "37/entertainment",
    "channel": "entertainment",
    "isPay": true
  },
  {
    "value": "38/fight-sports",
    "channel": "fight sports",
    "isPay": true
  },
  {
    "value": "39/fmn",
    "channel": "fmn",
    "isPay": true
  },
  {
    "value": "40/fox-news",
    "channel": "fox news",
    "isPay": true
  },
  {
    "value": "41/france-24-english",
    "channel": "france 24 english",
    "isPay": true
  },
  {
    "value": "42/hbo",
    "channel": "hbo",
    "isPay": true
  },
  {
    "value": "43/hbo-family",
    "channel": "hbo family",
    "isPay": true
  },
  {
    "value": "44/hbo-family-hd",
    "channel": "hbo family hd",
    "isPay": true
  },
  {
    "value": "45/hbo-hd",
    "channel": "hbo hd",
    "isPay": true
  },
  {
    "value": "46/hbo-hits",
    "channel": "hbo hits",
    "isPay": true
  },
  {
    "value": "47/hbo-hits-hd",
    "channel": "hbo hits hd",
    "isPay": true
  },
  {
    "value": "48/hbo-signature",
    "channel": "hbo signature",
    "isPay": true
  },
  {
    "value": "49/hbo-signature-hd",
    "channel": "hbo signature hd",
    "isPay": true
  },
  {
    "value": "50/hgtv",
    "channel": "hgtv",
    "isPay": true
  },
  {
    "value": "51/hgtv-hd",
    "channel": "hgtv hd",
    "isPay": true
  },
  {
    "value": "52/history",
    "channel": "history",
    "isPay": true
  },
  {
    "value": "53/hits",
    "channel": "hits",
    "isPay": true
  },
  {
    "value": "54/hits-movies",
    "channel": "hits movies",
    "isPay": true
  },
  {
    "value": "55/hits-movies-hd",
    "channel": "hits movies hd",
    "isPay": true
  },
  {
    "value": "56/idx",
    "channel": "idx",
    "isPay": true
  },
  {
    "value": "57/inews-hd",
    "channel": "inews hd",
    "isPay": true
  },
  {
    "value": "58/infotaiment",
    "channel": "infotaiment",
    "isPay": true
  },
  {
    "value": "59/jaktv",
    "channel": "jaktv",
    "isPay": true
  },
  {
    "value": "60/kids-tv",
    "channel": "kids tv",
    "isPay": true
  },
  {
    "value": "61/kix",
    "channel": "kix",
    "isPay": true
  },
  {
    "value": "62/kompas-tv",
    "channel": "kompas tv",
    "isPay": true
  },
  {
    "value": "63/life",
    "channel": "life",
    "isPay": true
  },
  {
    "value": "64/lifestyle-fashion",
    "channel": "lifestyle & fashion",
    "isPay": true
  },
  {
    "value": "65/lifetime",
    "channel": "lifetime",
    "isPay": true
  },
  {
    "value": "66/miao-mi",
    "channel": "miao mi",
    "isPay": true
  },
  {
    "value": "67/mnc-news",
    "channel": "mnc news",
    "isPay": true
  },
  {
    "value": "68/mnc-sports",
    "channel": "mnc sports",
    "isPay": true
  },
  {
    "value": "69/mnc-sports-2",
    "channel": "mnc sports 2",
    "isPay": true
  },
  {
    "value": "70/mnc-sports-2-hd",
    "channel": "mnc sports 2 hd",
    "isPay": true
  },
  {
    "value": "71/mnc-sports-3",
    "channel": "mnc sports 3",
    "isPay": true
  },
  {
    "value": "72/mshop-signature",
    "channel": "mshop signature",
    "isPay": true
  },
  {
    "value": "73/mshop-super-sale",
    "channel": "mshop super sale!",
    "isPay": true
  },
  {
    "value": "74/music-tv",
    "channel": "music tv",
    "isPay": true
  },
  {
    "value": "75/muslim-tv",
    "channel": "muslim tv",
    "isPay": true
  },
  {
    "value": "76/nat-geo-wild-hd",
    "channel": "nat geo wild hd",
    "isPay": true
  },
  {
    "value": "77/national-geographic-channel",
    "channel": "national geographic channel",
    "isPay": true
  },
  {
    "value": "78/national-geographic-channel-hd",
    "channel": "national geographic channel hd",
    "isPay": true
  },
  {
    "value": "79/national-geographic-wild",
    "channel": "national geographic wild",
    "isPay": true
  },
  {
    "value": "80/nhk-world",
    "channel": "nhk world",
    "isPay": true
  },
  {
    "value": "81/nhk-world-premium",
    "channel": "nhk world premium",
    "isPay": true
  },
  {
    "value": "82/nick-jr-hd",
    "channel": "nick jr. hd",
    "isPay": true
  },
  {
    "value": "83/nickelodeon",
    "channel": "nickelodeon",
    "isPay": true
  },
  {
    "value": "84/nickelodeon-jr",
    "channel": "nickelodeon jr",
    "isPay": true
  },
  {
    "value": "85/ok-tv",
    "channel": "ok tv",
    "isPay": true
  },
  {
    "value": "86/one",
    "channel": "one",
    "isPay": true
  },
  {
    "value": "87/one-hd",
    "channel": "one hd",
    "isPay": true
  },
  {
    "value": "88/sea-today",
    "channel": "sea today",
    "isPay": true
  },
  {
    "value": "89/soccer-channel",
    "channel": "soccer channel",
    "isPay": true
  },
  {
    "value": "90/soccer-channel-hd",
    "channel": "soccer channel hd",
    "isPay": true
  },
  {
    "value": "91/spotv",
    "channel": "spotv",
    "isPay": true
  },
  {
    "value": "92/spotv-2",
    "channel": "spotv 2",
    "isPay": true
  },
  {
    "value": "93/spotv-2-hd",
    "channel": "spotv 2 hd",
    "isPay": true
  },
  {
    "value": "94/spotv-hd",
    "channel": "spotv hd",
    "isPay": true
  },
  {
    "value": "95/tawaf-tv",
    "channel": "tawaf tv",
    "isPay": true
  },
  {
    "value": "96/thrill",
    "channel": "thrill",
    "isPay": true
  },
  {
    "value": "97/tlc",
    "channel": "tlc",
    "isPay": true
  },
  {
    "value": "98/tvn",
    "channel": "tvn",
    "isPay": true
  },
  {
    "value": "99/tvn-hd",
    "channel": "tvn hd",
    "isPay": true
  },
  {
    "value": "100/tvn-movies",
    "channel": "tvn movies",
    "isPay": true
  },
  {
    "value": "101/tvn-movies-hd",
    "channel": "tvn movies hd",
    "isPay": true
  },
  {
    "value": "102/vision-prime",
    "channel": "vision prime",
    "isPay": true
  },
  {
    "value": "103/vision-prime-hd",
    "channel": "vision prime hd",
    "isPay": true
  },
  {
    "value": "104/warner-tv",
    "channel": "warner tv",
    "isPay": true
  },
  {
    "value": "105/warner-tv-hd",
    "channel": "warner tv hd",
    "isPay": true
  },
  {
    "value": "106/zee-bioskop",
    "channel": "zee bioskop",
    "isPay": true
  },
  {
    "value": "channel/antv",
    "channel": "antv",
    "isPay": false
  },
  {
    "value": "channel/gtv",
    "channel": "gtv",
    "isPay": false
  },
  {
    "value": "channel/indosiar",
    "channel": "indosiar",
    "isPay": false
  },
  {
    "value": "channel/inewstv",
    "channel": "inews tv",
    "isPay": false
  },
  {
    "value": "channel/kompastv",
    "channel": "kompas tv",
    "isPay": false
  },
  {
    "value": "channel/metrotv",
    "channel": "metro tv",
    "isPay": false
  },
  {
    "value": "channel/mnctv",
    "channel": "mnctv",
    "isPay": false
  },
  {
    "value": "channel/nettv",
    "channel": "net tv",
    "isPay": false
  },
  {
    "value": "channel/ochannel",
    "channel": "ochannel",
    "isPay": false
  },
  {
    "value": "channel/rcti",
    "channel": "rcti",
    "isPay": false
  },
  {
    "value": "channel/rtv",
    "channel": "rtv",
    "isPay": false
  },
  {
    "value": "channel/sctv",
    "channel": "sctv",
    "isPay": false
  },
  {
    "value": "channel/trans7",
    "channel": "trans7",
    "isPay": false
  },
  {
    "value": "channel/transtv",
    "channel": "transtv",
    "isPay": false
  },
  {
    "value": "channel/tvone",
    "channel": "tvone",
    "isPay": false
  },
  {
    "value": "channel/tvri",
    "channel": "tvri",
    "isPay": false
  }
]